{
  "constants": {
    "phi": 1.618033988749895,
    "three_minus_phi": 1.381966011250105,
    "nu": 0.723606797749979
  },
  "theoretical_scales": {
    "GELU": 1.481114412708348,
    "Swish": 1.6233202579524972,
    "x_tanh": 1.074771734129937,
    "x_erf": 1.0216600749822637,
    "Mish": 1.4447552325473196,
    "tanh": 1.4674135916307953,
    "ReLU": 1.414213562373095
  },
  "experimental_results": {
    "gelu": {
      "critical_scale": 1.3941289727820263,
      "std_error": 0.005354128443284281,
      "diff_3mphi": 0.012162961531921201,
      "diff_theory": 0.08698543992632168,
      "theory_scale": 1.481114412708348
    },
    "swish": {
      "critical_scale": 1.4872074426821038,
      "std_error": 0.005384096885793212,
      "diff_3mphi": 0.10524143143199871,
      "diff_theory": 0.13611281527039343,
      "theory_scale": 1.6233202579524972
    },
    "mish": {
      "critical_scale": 1.3852296944339266,
      "std_error": 0.004788843288457611,
      "diff_3mphi": 0.0032636831838215308,
      "diff_theory": 0.059525538113393006,
      "theory_scale": 1.4447552325473196
    },
    "x_tanh": {
      "critical_scale": 1.6790879309223912,
      "std_error": 0.12704119263580912,
      "diff_3mphi": 0.2971219196722861,
      "diff_theory": 0.6043161967924542,
      "theory_scale": 1.074771734129937
    },
    "x_erf": {
      "critical_scale": 1.6610321717406962,
      "std_error": 0.12346353434506331,
      "diff_3mphi": 0.2790661604905911,
      "diff_theory": 0.6393720967584324,
      "theory_scale": 1.0216600749822637
    },
    "tanh": {
      "critical_scale": 0.7460559527308759,
      "std_error": 0.08066968275683827,
      "diff_3mphi": 0.6359100585192292,
      "diff_theory": 0.7213576388999194,
      "theory_scale": 1.4674135916307953
    }
  },
  "E_gelu_prime_squared": 0.45585086564928723,
  "theoretical_gelu_critical": 1.481114412708348
}