{
  "scales": [
    0.1,
    0.14915254237288136,
    0.1983050847457627,
    0.24745762711864405,
    0.2966101694915254,
    0.34576271186440677,
    0.3949152542372881,
    0.4440677966101695,
    0.49322033898305084,
    0.5423728813559322,
    0.5915254237288136,
    0.6406779661016948,
    0.6898305084745762,
    0.7389830508474575,
    0.7881355932203389,
    0.8372881355932202,
    0.8864406779661016,
    0.935593220338983,
    0.9847457627118643,
    1.0338983050847457,
    1.083050847457627,
    1.1322033898305084,
    1.1813559322033897,
    1.230508474576271,
    1.2796610169491525,
    1.3288135593220338,
    1.3779661016949152,
    1.4271186440677965,
    1.476271186440678,
    1.5254237288135593,
    1.5745762711864406,
    1.623728813559322,
    1.6728813559322033,
    1.7220338983050847,
    1.771186440677966,
    1.8203389830508474,
    1.8694915254237288,
    1.9186440677966101,
    1.9677966101694915,
    2.016949152542373,
    2.066101694915254,
    2.1152542372881356,
    2.1644067796610167,
    2.2135593220338983,
    2.2627118644067794,
    2.311864406779661,
    2.361016949152542,
    2.4101694915254237,
    2.459322033898305,
    2.5084745762711864,
    2.5576271186440676,
    2.606779661016949,
    2.6559322033898303,
    2.705084745762712,
    2.754237288135593,
    2.8033898305084746,
    2.8525423728813557,
    2.9016949152542373,
    2.9508474576271184,
    3.0
  ],
  "n_seeds": 20,
  "depths": [
    10,
    20,
    30,
    50
  ],
  "widths": [
    64,
    128,
    256,
    512
  ],
  "activations": [
    "tanh",
    "sigmoid",
    "gelu"
  ],
  "phi_values": {
    "phi": 1.618033988749895,
    "inv_phi": 0.6180339887498948,
    "sqrt_phi": 1.272019649514069,
    "sqrt_inv_phi": 0.7861513777574233
  },
  "experiments": [],
  "main_experiment": {
    "depth": 30,
    "width": 256,
    "activation": "tanh",
    "n_seeds": 20,
    "mean_lyapunovs": [
      -Infinity,
      -Infinity,
      -0.0018382173327814865,
      -0.0018975967246844003,
      -0.0019847582948027158,
      -0.0021030622804722883,
      -0.0022544447583078236,
      -0.0024397306650189915,
      -0.0026593018389393084,
      -0.002913515593446961,
      -0.003203541056793871,
      -0.0035323190085587873,
      -0.0039053903521892863,
      -0.004331701778551399,
      -0.0048235280313445855,
      -0.005396082029234507,
      -0.006074855980033016,
      -0.0069423264615913385,
      -0.008263158997964964,
      -0.010417740980436503,
      -0.013591233009355993,
      -0.017856579697940314,
      -0.023141803640445525,
      -0.02928335364649587,
      -0.035976966052428457,
      -0.04299677803030036,
      -0.05068010982100903,
      -0.058998975302972656,
      -0.06766429185000086,
      -0.07571714428604691,
      -0.08408494814969347,
      -0.0933211099708872,
      -0.10185190771219126,
      -0.11036497200960058,
      -0.1196111396329087,
      -0.12810504383176968,
      -0.13653434015208152,
      -0.14484994989976183,
      -0.15264860016082377,
      -0.16165958633587435,
      -0.1711282154863976,
      -0.17901289010996652,
      -0.18718325696810226,
      -0.19394229259695547,
      -0.2036687470576783,
      -0.21098715940575108,
      -0.2195917695504607,
      -0.22693791440746164,
      -0.23563447683254984,
      -0.24116129098295108,
      -0.24991650546240957,
      -0.2569472007444539,
      -0.2653635827706632,
      -0.27137834471543243,
      -0.27823471513508485,
      -0.28533025202022133,
      -0.29135300697568545,
      -0.29802790894125064,
      -0.3044908316019744,
      -0.3131844179783595
    ],
    "std_lyapunovs": [
      NaN,
      NaN,
      0.011254376997201476,
      0.011251188950269225,
      0.011252216224209985,
      0.011258619307264846,
      0.01127072202981652,
      0.011287846117881927,
      0.011308228066349143,
      0.01132928741259984,
      0.011347988614088977,
      0.011361023162503404,
      0.011365533442106349,
      0.011360469714046428,
      0.011348135974668251,
      0.011334852756285561,
      0.01132784086343437,
      0.011332981640198438,
      0.011352041246249665,
      0.01130695332761654,
      0.011008422301965625,
      0.010392098323909818,
      0.009557400034648453,
      0.008599760293946719,
      0.007722832243759922,
      0.006957908138228538,
      0.006263932134425077,
      0.0057890738147644925,
      0.005574954779172325,
      0.005646692309207857,
      0.006069256600087372,
      0.005837169490244209,
      0.005104579282200938,
      0.004908957784485322,
      0.004729994490305429,
      0.003549853075433082,
      0.003940376570411035,
      0.0035567184594176068,
      0.004536712143868302,
      0.0035363878640366896,
      0.004180130844179734,
      0.0031375540540289635,
      0.0026656009672420423,
      0.003919729030774476,
      0.004413926938325545,
      0.0030112529928971146,
      0.004046310756599755,
      0.004560331560156025,
      0.004198384589099299,
      0.0034648642517345063,
      0.00525783566657073,
      0.003428654881870571,
      0.004041249087679219,
      0.003352779591597929,
      0.004287851215544001,
      0.0043075177876625605,
      0.003950154268250271,
      0.0038703375998393086,
      0.004833693351135437,
      0.0038758080629709367
    ],
    "critical_scale_mean": 0.1983050847457627,
    "critical_points_per_seed": [
      0.9885388068900028,
      0.49322033898305084,
      0.1983050847457627,
      1.0599784416299576,
      0.1983050847457627,
      0.1983050847457627,
      0.1983050847457627,
      0.9847457627118643,
      0.1983050847457627,
      1.0995627822176122,
      0.1983050847457627,
      0.9847457627118643,
      1.1431526283761102,
      0.656719737207767,
      0.9847457627118643,
      0.1983050847457627,
      0.1983050847457627,
      1.048823358969165,
      0.8095814009614718,
      1.129802979286098
    ],
    "critical_scale_std": 0.3959611717925237
  },
  "depth_sweep": {
    "10": 0.31604593788809393,
    "20": 1.0960529645319521,
    "30": 0.9885388068900028,
    "50": 1.0517068737793942
  },
  "width_sweep": {
    "64": 1.045438945774837,
    "128": 1.0615225390012009,
    "256": 0.9885388068900028,
    "512": 0.1983050847457627
  },
  "activation_sweep": {
    "tanh": 0.9885388068900028,
    "sigmoid": 3.0,
    "gelu": 1.3822583966093571
  },