{
  "experiment": "combined_entropy_turboquant",
  "timestamp": "2026-03-27 14:16:03",
  "config": {
    "num_sequences": 8,
    "seq_len": 128,
    "gen_tokens": 20,
    "model": "gpt2",
    "device": "cpu",
    "seed": 42
  },
  "head_entropies": {
    "L0_H0": 5.461638021469116,
    "L0_H1": 0.8820587853435427,
    "L0_H2": 5.53296480178833,
    "L0_H3": 0.7288145592901856,
    "L0_H4": 2.0990103885531424,
    "L0_H5": 1.8790453928289934,
    "L0_H6": 5.131769466400146,
    "L0_H7": 2.835382080078125,
    "L0_H8": 5.172971868515015,
    "L0_H9": 5.8282394170761105,
    "L0_H10": 5.333418560028076,
    "L0_H11": 5.94783091545105,
    "L1_H0": 3.1742410600185393,
    "L1_H1": 3.724391484260559,
    "L1_H2": 5.307082986831665,
    "L1_H3": 3.4914936900138853,
    "L1_H4": 4.923330950736999,
    "L1_H5": 5.097193896770477,
    "L1_H6": 5.28002028465271,
    "L1_H7": 5.851075983047485,
    "L1_H8": 5.882297205924988,
    "L1_H9": 5.7522903203964235,
    "L1_H10": 5.731338334083557,
    "L1_H11": 1.8466722711920738,
    "L2_H0": 3.2073215007781983,
    "L2_H1": 5.367898845672608,
    "L2_H2": 1.5146056234836578,
    "L2_H3": 2.6560993552207948,
    "L2_H4": 2.334127223491669,
    "L2_H5": 2.4829054713249206,
    "L2_H6": 4.111783361434936,
    "L2_H7": 5.077874422073364,
    "L2_H8": 2.594445586204529,
    "L2_H9": 2.667468535900116,
    "L2_H10": 4.385565614700317,
    "L2_H11": 2.961037039756775,
    "L3_H0": 2.1568477243185042,
    "L3_H1": 2.8495431661605837,
    "L3_H2": 2.0639669477939604,
    "L3_H3": 1.5878595411777496,
    "L3_H4": 3.7149134933948518,
    "L3_H5": 4.0130205154418945,
    "L3_H6": 2.4687129676342012,
    "L3_H7": 2.331149560213089,
    "L3_H8": 2.2749192774295808,
    "L3_H9": 2.3897985577583314,
    "L3_H10": 2.4706644654273986,
    "L3_H11": 2.582219660282135,
    "L4_H0": 1.6657420724630356,
    "L4_H1": 2.3334093928337096,
    "L4_H2": 3.1835681319236757,
    "L4_H3": 2.489498162269592,
    "L4_H4": 3.067844694852829,
    "L4_H5": 1.9323861956596375,
    "L4_H6": 2.9613534569740296,
    "L4_H7": 2.5069449603557588,
    "L4_H8": 3.492681360244751,
    "L4_H9": 2.6581842720508577,
    "L4_H10": 2.875304365158081,
    "L4_H11": 0.02654628213831529,
    "L5_H0": 1.7567268386483192,
    "L5_H1": 0.3940615644212812,
    "L5_H2": 2.033750593662262,
    "L5_H3": 3.267071878910065,
    "L5_H4": 2.157034140825272,
    "L5_H5": 1.6476311057806015,
    "L5_H6": 1.1401746273040771,
    "L5_H7": 1.3925268620252609,
    "L5_H8": 1.5243935465812684,
    "L5_H9": 3.306919777393341,
    "L5_H10": 4.2679342269897464,
    "L5_H11": 2.7624681651592256,
    "L6_H0": 2.796742448210716,
    "L6_H1": 1.0675942912697791,
    "L6_H2": 3.7403191804885862,
    "L6_H3": 2.322438399493694,
    "L6_H4": 4.225447404384613,
    "L6_H5": 2.469790208339691,
    "L6_H6": 2.834130573272705,
    "L6_H7": 3.4406643748283385,
    "L6_H8": 1.7680562555789947,
    "L6_H9": 0.7690103577449918,
    "L6_H10": 2.455869424343109,
    "L6_H11": 2.418915104866028,
    "L7_H0": 1.6159804522991181,
    "L7_H1": 2.2637607604265213,
    "L7_H2": 0.33576093185693023,
    "L7_H3": 2.107232981920242,
    "L7_H4": 1.1997520081698894,
    "L7_H5": 3.314173674583435,
    "L7_H6": 3.0988642990589144,
    "L7_H7": 1.7137975692749023,
    "L7_H8": 2.274307922646403,
    "L7_H9": 1.9757968410849571,
    "L7_H10": 0.9261853575706482,
    "L7_H11": 1.4977194666862488,
    "L8_H0": 3.0245000660419463,
    "L8_H1": 1.15511582121253,
    "L8_H2": 4.30555289387703,
    "L8_H3": 2.7783642768859864,
    "L8_H4": 1.227956385910511,
    "L8_H5": 2.713393348455429,
    "L8_H6": 2.1012991458177566,
    "L8_H7": 1.7131984129548072,
    "L8_H8": 3.2536202669143677,
    "L8_H9": 2.522853749990463,
    "L8_H10": 2.8566482722759248,
    "L8_H11": 2.067201241850853,
    "L9_H0": 2.6634448885917665,
    "L9_H1": 1.801786370575428,
    "L9_H2": 3.0044867396354675,
    "L9_H3": 2.337353029847145,
    "L9_H4": 1.5325012154877187,
    "L9_H5": 2.3721334755420687,
    "L9_H6": 1.4992292642593383,
    "L9_H7": 2.5437510401010512,
    "L9_H8": 2.0572687804698946,
    "L9_H9": 1.5210607692599296,
    "L9_H10": 1.6614327028393745,
    "L9_H11": 2.5194901809096337,
    "L10_H0": 2.6133564531803133,
    "L10_H1": 1.6279086738824844,
    "L10_H2": 2.4897933304309845,
    "L10_H3": 3.35543612241745,
    "L10_H4": 3.3658496499061585,
    "L10_H5": 1.317216306179762,
    "L10_H6": 1.3285469457507133,
    "L10_H7": 2.911657693982124,
    "L10_H8": 2.2557293474674225,
    "L10_H9": 1.6860573053359986,
    "L10_H10": 2.216457650065422,
    "L10_H11": 1.8726920947432517,
    "L11_H0": 5.063063740730286,
    "L11_H1": 3.3766571030020716,
    "L11_H2": 2.3585664600133898,
    "L11_H3": 2.4746622443199158,
    "L11_H4": 4.172364616394043,
    "L11_H5": 2.473432941734791,
    "L11_H6": 2.1104271188378334,
    "L11_H7": 2.9312850289046763,
    "L11_H8": 4.506587433815002,
    "L11_H9": 1.7860600076615811,
    "L11_H10": 2.855382463335991,
    "L11_H11": 2.8313745081424715
  },
  "results": {
    "full_cache": {
      "description": "Full KV cache (baseline)",
      "mode": "baseline",
      "keep_ratio": 1.0,
      "n_bits": 16,
      "compression_ratio": 1.0,
      "bleu": 1.0,
      "rouge_l": 1.0,
      "token_match": 1.0,
      "perplexity": 51.399789345073614,
      "perplexity_ratio": 1.0,
      "wall_clock_seconds": 0.0
    },
    "eviction_2x": {
      "description": "Entropy-adaptive eviction 2x",
      "mode": "eviction",
      "keep_ratio": 0.5,
      "n_bits": 16,
      "compression_ratio": 2.0,
      "bleu": 0.8113997944796039,
      "rouge_l": 0.85625,
      "token_match": 0.8125,
      "perplexity": 52.80329466269873,
      "perplexity_ratio": 1.027305662834582,
      "wall_clock_seconds": 94.74187159538269
    },
    "eviction_4x": {
      "description": "Entropy-adaptive eviction 4x",
      "mode": "eviction",
      "keep_ratio": 0.25,
      "n_bits": 16,
      "compression_ratio": 4.0,
      "bleu": 0.6902203289992505,
      "rouge_l": 0.7750000000000001,
      "token_match": 0.61875,
      "perplexity": 57.63531878006643,
      "perplexity_ratio": 1.1213142994250511,
      "wall_clock_seconds": 94.70903086662292
    },
    "quant_4bit": {
      "description": "TurboQuant 4-bit quantization",
      "mode": "quantization",
      "keep_ratio": 1.0,
      "n_bits": 4,
      "compression_ratio": 4.0,
      "bleu": 0.5161050010805389,
      "rouge_l": 0.68125,
      "token_match": 0.4625,
      "perplexity": 55.9973189772359,
      "perplexity_ratio": 1.0894464683755154,
      "wall_clock_seconds": 229.0358772277832
    },
    "quant_3bit": {
      "description": "TurboQuant 3-bit quantization",
      "mode": "quantization",
      "keep_ratio": 1.0,
      "n_bits": 3,
      "compression_ratio": 5.333333333333333,
      "bleu": 0.35764688181206195,
      "rouge_l": 0.525,
      "token_match": 0.24375,
      "perplexity": 65.49759382745265,
      "perplexity_ratio": 1.274277475880944,
      "wall_clock_seconds": 101.21762752532959
    },
    "quant_2bit": {
      "description": "TurboQuant 2-bit quantization",
      "mode": "quantization",
      "keep_ratio": 1.0,
      "n_bits": 2,
      "compression_ratio": 8.0,
      "bleu": 0.11465899463255264,
      "rouge_l": 0.18125000000000002,
      "token_match": 0.04375,
      "perplexity": 187.236663476917,
      "perplexity_ratio": 3.6427515727720117,
      "wall_clock_seconds": 51.983935832977295
    },
    "combined_2x_4bit": {
      "description": "Eviction 2x + TurboQuant 4-bit",
      "mode": "combined",
      "keep_ratio": 0.5,
      "n_bits": 4,
      "compression_ratio": 8.0,
      "bleu": 0.5958510371945781,
      "rouge_l": 0.6937500000000001,
      "token_match": 0.5249999999999999,
      "perplexity": 55.610639890796605,
      "perplexity_ratio": 1.0819234981188999,
      "wall_clock_seconds": 125.5209641456604
    },
    "combined_2x_3bit": {
      "description": "Eviction 2x + TurboQuant 3-bit",
      "mode": "combined",
      "keep_ratio": 0.5,