{
  "experiment_1_strategies": {
    "recent_k": {
      "1.0": {
        "exact_match_rate": 1.0,
        "top5_match_rate": 1.0,
        "mean_kl_divergence": 1.3205194869005122e-09,
        "median_kl_divergence": 3.89936971600946e-11,
        "total_tokens": 3840
      },
      "0.5": {
        "exact_match_rate": 0.065625,
        "top5_match_rate": 0.12838541666666667,
        "mean_kl_divergence": 5.299326664970431,
        "median_kl_divergence": 4.675231218338013,
        "total_tokens": 3840
      },
      "0.25": {
        "exact_match_rate": 0.03671875,
        "top5_match_rate": 0.08619791666666667,
        "mean_kl_divergence": 7.06622427868521,
        "median_kl_divergence": 6.429612398147583,
        "total_tokens": 3840
      },
      "0.1": {
        "exact_match_rate": 0.025260416666666667,
        "top5_match_rate": 0.06354166666666666,
        "mean_kl_divergence": 8.405572941464682,
        "median_kl_divergence": 7.797482252120972,
        "total_tokens": 3840
      },
      "0.05": {
        "exact_match_rate": 0.021354166666666667,
        "top5_match_rate": 0.05677083333333333,
        "mean_kl_divergence": 9.069001821024964,
        "median_kl_divergence": 8.456646919250488,
        "total_tokens": 3840
      }
    },
    "sink_recent": {
      "1.0": {
        "exact_match_rate": 1.0,
        "top5_match_rate": 1.0,
        "mean_kl_divergence": 1.3205194869005122e-09,
        "median_kl_divergence": 3.89936971600946e-11,
        "total_tokens": 3840
      },
      "0.5": {
        "exact_match_rate": 0.6903645833333333,
        "top5_match_rate": 0.921875,
        "mean_kl_divergence": 0.36340270944432773,
        "median_kl_divergence": 0.12874511629343033,
        "total_tokens": 3840
      },
      "0.25": {
        "exact_match_rate": 0.47994791666666664,
        "top5_match_rate": 0.7434895833333334,
        "mean_kl_divergence": 0.9976638351288316,
        "median_kl_divergence": 0.5702981054782867,
        "total_tokens": 3840
      },
      "0.1": {
        "exact_match_rate": 0.2518229166666667,
        "top5_match_rate": 0.4234375,
        "mean_kl_divergence": 2.397105120352469,
        "median_kl_divergence": 1.988016426563263,
        "total_tokens": 3840
      },
      "0.05": {
        "exact_match_rate": 0.1390625,
        "top5_match_rate": 0.24739583333333334,
        "mean_kl_divergence": 3.351877635386236,
        "median_kl_divergence": 2.9508386850357056,
        "total_tokens": 3840
      }
    },
    "heavy_hitter": {
      "1.0": {
        "exact_match_rate": 1.0,
        "top5_match_rate": 1.0,
        "mean_kl_divergence": 1.3205194869005122e-09,
        "median_kl_divergence": 3.89936971600946e-11,
        "total_tokens": 3840
      },
      "0.5": {
        "exact_match_rate": 0.2825520833333333,
        "top5_match_rate": 0.50859375,
        "mean_kl_divergence": 1.9249248178984308,
        "median_kl_divergence": 1.50596284866333,
        "total_tokens": 3840
      },
      "0.25": {
        "exact_match_rate": 0.21484375,
        "top5_match_rate": 0.39114583333333336,
        "mean_kl_divergence": 2.6153751765350637,
        "median_kl_divergence": 2.1720430850982666,
        "total_tokens": 3840
      },
      "0.1": {
        "exact_match_rate": 0.18932291666666667,
        "top5_match_rate": 0.36692708333333335,
        "mean_kl_divergence": 3.0449395678545104,
        "median_kl_divergence": 2.583834409713745,
        "total_tokens": 3840
      },
      "0.05": {
        "exact_match_rate": 0.18723958333333332,
        "top5_match_rate": 0.36432291666666666,
        "mean_kl_divergence": 3.2088803499045944,
        "median_kl_divergence": 2.7183327674865723,
        "total_tokens": 3840
      }
    },
    "entropy_adaptive": {
      "1.0": {
        "exact_match_rate": 0.9846354166666667,
        "top5_match_rate": 1.0,
        "mean_kl_divergence": 0.002190912299772353,
        "median_kl_divergence": 0.00012008075282210484,
        "total_tokens": 3840
      },
      "0.5": {
        "exact_match_rate": 0.93125,
        "top5_match_rate": 0.9940104166666667,
        "mean_kl_divergence": 0.027757461041189035,
        "median_kl_divergence": 0.0032906364649534225,
        "total_tokens": 3840
      },
      "0.25": {
        "exact_match_rate": 0.8377604166666667,
        "top5_match_rate": 0.9721354166666667,
        "mean_kl_divergence": 0.11039479361002986,
        "median_kl_divergence": 0.02966556791216135,
        "total_tokens": 3840
      },
      "0.1": {
        "exact_match_rate": 0.6015625,
        "top5_match_rate": 0.83984375,
        "mean_kl_divergence": 0.5925023095494273,
        "median_kl_divergence": 0.27226580679416656,
        "total_tokens": 3840
      },
      "0.05": {
        "exact_match_rate": 0.3692708333333333,
        "top5_match_rate": 0.5921875,
        "mean_kl_divergence": 1.558469401520802,
        "median_kl_divergence": 1.1684492230415344,
        "total_tokens": 3840
      }
    }
  },
  "experiment_2_head_types": {
    "diffuse": 24,
    "positional": 17,
    "focused": 2,
    "mixed": 16,
    "sink": 71,
    "selective": 14
  },
  "experiment_2_head_entropy_range": {
    "min": 0.020362515440481843,
    "max": 5.948454803228378,
    "mean": 2.813426908448668
  },
  "experiment_3_pareto_entropy_adaptive": {
    "1.0": {
      "exact_match_rate": 0.9828125,
      "top5_match_rate": 1.0,
      "mean_kl_divergence": 0.002219580690359281,
      "compression_ratio": 1.0
    },
    "0.75": {
      "exact_match_rate": 0.966796875,
      "top5_match_rate": 0.998828125,
      "mean_kl_divergence": 0.009239017397842598,
      "compression_ratio": 1.3333333333333333
    },
    "0.5": {
      "exact_match_rate": 0.931640625,
      "top5_match_rate": 0.99375,
      "mean_kl_divergence": 0.026414099443193416,
      "compression_ratio": 2.0
    },
    "0.4": {
      "exact_match_rate": 0.90859375,
      "top5_match_rate": 0.99296875,
      "mean_kl_divergence": 0.04063768090689921,
      "compression_ratio": 2.5
    },
    "0.3": {
      "exact_match_rate": 0.8671875,
      "top5_match_rate": 0.980078125,
      "mean_kl_divergence": 0.08141785391550052,
      "compression_ratio": 3.3333333333333335
    },
    "0.2": {
      "exact_match_rate": 0.798828125,
      "top5_match_rate": 0.9609375,
      "mean_kl_divergence": 0.1502767676350752,
      "compression_ratio": 5.0
    },
    "0.15": {
      "exact_match_rate": 0.734375,
      "top5_match_rate": 0.922265625,
      "mean_kl_divergence": 0.28670363377485375,
      "compression_ratio": 6.666666666666667
    },
    "0.1": {
      "exact_match_rate": 0.605078125,
      "top5_match_rate": 0.844921875,
      "mean_kl_divergence": 0.588546874089873,
      "compression_ratio": 10.0
    },
    "0.07": {
      "exact_match_rate": 0.47265625,
      "top5_match_rate": 0.712890625,
      "mean_kl_divergence": 1.0725010644879247,
      "compression_ratio": 14.285714285714285
    },
    "0.05": {
      "exact_match_rate": 0.38125,
      "top5_match_rate": 0.6,
      "mean_kl_divergence": 1.5348130840196639,
      "compression_ratio": 20.0
    },
    "0.03": {
      "exact_match_rate": 0.2484375,
      "top5_match_rate": 0.4265625,
      "mean_kl_divergence": 2.363061040433512,
      "compression_ratio": 33.333333333333336
    }
  },
  "experiment_3_pareto_comparison": {
    "1.0": {
      "exact_match_rate": 1.0,
      "top5_match_rate": 1.0,
      "mean_kl_divergence": 5.293668041677496e-10,
      "compression_ratio": 1.0
    },
    "0.75": {
      "exact_match_rate": 0.8265625,
      "top5_match_rate": 0.980078125,
      "mean_kl_divergence": 0.13451653402011515,
      "compression_ratio": 1.3333333333333333
    },
    "0.5": {
      "exact_match_rate": 0.697265625,
      "top5_match_rate": 0.927734375,
      "mean_kl_divergence": 0.3523703598137467,
      "compression_ratio": 2.0
    },
    "0.4": {
      "exact_match_rate": 0.6203125,
      "top5_match_rate": 0.86875,