{
  "experiment_a": {
    "total_tokens": 51200,
    "confident_tokens": 4144,
    "confident_fraction": 0.0809375,
    "match_fractions": [
      0.0603125,
      0.07521484375,
      0.07296875,
      0.09169921875,
      0.10794921875,
      0.13521484375,
      0.15982421875,
      0.22783203125,
      0.31708984375,
      0.42431640625,
      0.57166015625,
      1.0
    ],
    "confident_match_fractions": [
      0.05574324324324324,
      0.159507722007722,
      0.10135135135135136,
      0.11993243243243243,
      0.1648166023166023,
      0.23817567567567569,
      0.3219111969111969,
      0.520511583011583,
      0.653957528957529,
      0.7760617760617761,
      0.9717664092664092,
      1.0
    ],
    "f_skip_8": 0.22783203125,
    "f_skip_6": 0.13521484375,
    "mean_exit_layer": 8.20828125,
    "median_exit_layer": 9.0,
    "pct_skip_last4": 0.28931640625,
    "pct_skip_last6": 0.28931640625,
    "pct_skip_last6_val": 0.1748046875,
    "exit_distribution": [
      0.0603125,
      0.02296875,
      0.0153515625,
      0.0220703125,
      0.02263671875,
      0.03146484375,
      0.037265625,
      0.07724609375,
      0.1127734375,
      0.1314453125,
      0.14009765625,
      0.3263671875,
      0.0
    ],
    "prediction_pass": false,
    "num_sequences": 200,
    "seq_len": 256,
    "runtime_seconds": 150.66297721862793
  },
  "experiment_c": {
    "total_rows_analyzed": 21600,
    "num_sequences": 30,
    "seq_len": 256,
    "mean_sparsity_001": 0.8525475020403112,
    "mean_sparsity_0001": 0.560390504445359,
    "mean_entropy": 3.0181155049492667,
    "mean_n_effective": 17.657230449231633,
    "mean_top1_coverage": 0.5013978899644981,
    "mean_top5_coverage": 0.7336204517258469,
    "mean_top10_coverage": 0.8174439092704819,
    "mean_top20_coverage": 0.8871186063866372,
    "per_layer_sparsity_001": [
      0.7570927374561628,
      0.7105750866731008,
      0.8276562499668864,
      0.8880548321538502,
      0.8825513601303101,
      0.900799334678385,
      0.8787565107146899,
      0.9077560766537984,
      0.8744162325064341,
      0.897524595161279,
      0.8796484375993411,
      0.8257385707894961
    ],
    "per_layer_sparsity_0001": [
      0.42977647580775535,
      0.2851121239356386,
      0.6394097220607929,
      0.7221882232444153,
      0.6455150465170543,
      0.6738722512084577,
      0.5893851270692216,
      0.673420139087571,
      0.5534823494694299,
      0.5796289059685337,
      0.547073206189606,
      0.3858224827858309
    ],
    "per_layer_entropy": [
      4.034522048165527,
      5.028770131071409,
      3.341302093250884,
      2.5932183793601062,
      2.6015179146515677,
      2.237090121983848,
      2.6494519983314806,
      2.0573157175635504,
      2.722846824300165,
      2.474491370856348,
      2.8167359047424463,
      3.6601235551138718
    ],
    "per_layer_n_effective": [
      42.87520971043353,
      56.31430652216553,
      15.548440204712646,
      8.372299670092273,
      9.326909454650616,
      8.04592838705527,
      10.665031060846744,
      6.861002751409063,
      11.07254879257178,
      8.347276220356548,
      11.479582268977898,
      22.97823034750755
    ],
    "per_layer_topk": {
      "1": [
        0.33589390345383435,
        0.19732869303267864,
        0.3530954703212612,
        0.4710652672789163,
        0.5465349450583259,
        0.6202018647164934,
        0.5729244047858649,
        0.6748602945233385,
        0.5822828585281968,
        0.6267065332664383,
        0.5698490130528807,
        0.466031431555748
      ],
      "5": [
        0.5467837076654865,
        0.40558502918730177,
        0.7209461519370476,
        0.8445761408739619,
        0.810223810457521,
        0.8410140740457508,
        0.7897701824208101,
        0.8526311233225796,
        0.7775357625550694,
        0.8090488953640064,
        0.7652392333911525,
        0.6400913094894753
      ],
      "10": [
        0.6454393051481909,
        0.539924141160316,
        0.8470084312723742,
        0.9246412551237477,
        0.8878722765379482,
        0.9014024892118242,
        0.8631634412705899,
        0.9070931522217062,
        0.8503793811632527,
        0.872324895279275,
        0.8405728359520436,
        0.7295053069045146
      ],
      "20": [
        0.7560307649936941,
        0.6867262384129895,
        0.9215232525103622,
        0.9617782952553696,
        0.9379401125179396,
        0.9450134245554606,
        0.9210966482261816,
        0.9476810216075844,
        0.9124592573940754,
        0.9251273173590501,
        0.9063626945349905,
        0.8236842492719492
      ]
    },
    "per_layer_first_token_attn": [
      0.011624296407928931,
      0.059506473007716824,
      0.14929369320045224,
      0.34418711945336933,
      0.38497836239999816,
      0.5858580683324383,
      0.5446324067539535,
      0.6496997771456113,
      0.5614570183629015,
      0.6084533329309326,
      0.54865426808725,
      0.437783108077379
    ],
    "per_layer_diag_attn": [
      0.2857742960599798,
      0.1092374230909627,
      0.10527756996121349,
      0.09992386387264156,
      0.07937065413444207,
      0.03382201577699129,
      0.03410325034310538,
      0.020329520234257974,
      0.03128260289413851,
      0.021871286763444006,
      0.025404756656697728,
      0.03298594458426553
    ],
    "kv_reduction_factor": 6.781845094773396,
    "prediction_pass": true,
    "runtime_seconds": 10.494338750839233
  },
  "experiment_b": {
    "score_size": 5000,
    "subset_size": 500,
    "loss_mean": 0.1885,
    "loss_std": 0.4281,
    "loss_min": 0.0138,
    "loss_max": 3.5868,
    "loss_10pctl": 0.0205,
    "loss_50pctl": 0.0452,
    "loss_90pctl": 0.4383,
    "info_variation_ratio": 21.4,
    "accuracies": {
      "top_10pct": 0.2649,
      "random_10pct": 0.8349,
      "bottom_10pct": 0.5092,
      "full": 0.883
    },
    "epochs": {
      "top_10pct": 10,
      "random_10pct": 10,
      "bottom_10pct": 10,
      "full": 1
    },
    "ordering_correct": false,
    "top_random_gap": -0.57,
    "prediction_pass": false,
    "runtime_seconds": 2890,
    "interpretation": "Reverse outcome: high-loss samples are noisy/mislabeled, not high-information. Random 10% nearly matches full dataset. Bottom 10% too easy to learn from."
  },
  "total_runtime_seconds": 3050,
  "total_runtime_minutes": 50.833333333333336
}